{"actions": [{"name": "communicate_soil_data", "mean_fraction": 1.028739825496301, "sd_fraction": 0.07510651731695588}, {"name": "sample_soil", "mean_fraction": 0.7303398520423958, "sd_fraction": 0.20861400909513497}, {"name": "communicate_rock_data", "mean_fraction": 1.2743551345323485, "sd_fraction": 0.15296216481387448}, {"name": "recharge", "mean_fraction": 0.9738213483298741, "sd_fraction": 0.10611770750389249}], "tils": []}