{"actions": [{"name": "sample_rock", "mean_fraction": 1.197002440638684, "sd_fraction": 0.19813497350635373}, {"name": "sample_soil", "mean_fraction": 1.0336609156358292, "sd_fraction": 0.12793871867292375}], "tils": []}