{"actions": [{"name": "recharge", "mean_fraction": 1.019627735178138, "sd_fraction": 0.2257869679389866}, {"name": "drop", "mean_fraction": 0.9587828727269898, "sd_fraction": 0.16965994576856236}, {"name": "calibrate", "mean_fraction": 1.231912332863083, "sd_fraction": 0.15155488567726919}, {"name": "communicate_image_data", "mean_fraction": 1.0310956860586593, "sd_fraction": 0.15552751633872205}], "tils": []}