{"actions": [{"name": "drop", "mean_fraction": 1.2921001425373901, "sd_fraction": 0.1951466644478368}, {"name": "sample_soil", "mean_fraction": 0.8292360188866117, "sd_fraction": 0.11512833805852998}], "tils": []}