{"actions": [{"name": "drop", "mean_fraction": 1.0405961543156024, "sd_fraction": 0.14574569724277006}, {"name": "move", "mean_fraction": 0.9035743278178723, "sd_fraction": 0.1602697388706864}, {"name": "go-in", "mean_fraction": 0.7226651586330362, "sd_fraction": 0.1599108676822437}], "tils": []}