{"actions": [{"name": "go-in", "mean_fraction": 1.0594222056759388, "sd_fraction": 0.18620831298162904}], "tils": []}