{"actions": [{"name": "go-in", "mean_fraction": 1.1193804151562023, "sd_fraction": 0.15610946144348176}], "tils": []}