{"actions": [{"name": "lift", "mean_fraction": 1.001494012568108, "sd_fraction": 0.14655417607437965}], "tils": []}