{"actions": [{"name": "lift", "mean_fraction": 0.7394477112651505, "sd_fraction": 0.1652913407545296}, {"name": "go-out", "mean_fraction": 0.9887252951083186, "sd_fraction": 0.11892348054838435}], "tils": []}