{"actions": [{"name": "go-out", "mean_fraction": 0.9969283807676603, "sd_fraction": 0.11597818034325874}, {"name": "lift", "mean_fraction": 1.0567000300411997, "sd_fraction": 0.14399166521792894}, {"name": "move", "mean_fraction": 0.9275308211414068, "sd_fraction": 0.14131899771847425}, {"name": "drop", "mean_fraction": 0.750548690280585, "sd_fraction": 0.2196523973047526}], "tils": []}