{"actions": [{"name": "go-in", "mean_fraction": 0.9285205217354041, "sd_fraction": 0.08788288756952553}, {"name": "drop", "mean_fraction": 1.1224738749998475, "sd_fraction": 0.2148784080948794}, {"name": "lift", "mean_fraction": 1.2434389000019885, "sd_fraction": 0.11713763849520611}, {"name": "go-out", "mean_fraction": 0.8325152981890769, "sd_fraction": 0.13790678280710497}], "tils": []}