{"actions": [{"name": "lift", "mean_fraction": 0.7915920211270894, "sd_fraction": 0.177917654576994}], "tils": []}