{"actions": [{"name": "drop", "mean_fraction": 0.9817349801055822, "sd_fraction": 0.12818931314798182}, {"name": "go-in", "mean_fraction": 1.1351256617514653, "sd_fraction": 0.12002733782583526}, {"name": "go-out", "mean_fraction": 1.0873401642138383, "sd_fraction": 0.14305382066626904}, {"name": "lift", "mean_fraction": 1.004541480768578, "sd_fraction": 0.14998230362526335}], "tils": []}