{"actions": [{"name": "move", "mean_fraction": 0.5579530892004576, "sd_fraction": 0.13792856524774852}], "tils": []}