{"actions": [{"name": "lift", "mean_fraction": 0.7687806651283866, "sd_fraction": 0.13969811096200152}, {"name": "go-in", "mean_fraction": 0.8715114762590338, "sd_fraction": 0.09701475025367269}], "tils": []}