{"actions": [{"name": "move", "mean_fraction": 0.8289744144236805, "sd_fraction": 0.1282288824585709}], "tils": []}