{"actions": [{"name": "move-car-to-curb", "mean_fraction": 1.088594571226583, "sd_fraction": 0.13971891534056993}], "tils": []}