{"actions": [{"name": "move-curb-to-curb", "mean_fraction": 1.1254166560284058, "sd_fraction": 0.09829857179726054}, {"name": "move-car-to-curb", "mean_fraction": 1.0115534826737123, "sd_fraction": 0.08129966205435077}, {"name": "move-car-to-car", "mean_fraction": 1.2030355495841127, "sd_fraction": 0.17409525626086067}], "tils": []}