{"actions": [{"name": "move-curb-to-curb", "mean_fraction": 0.7114147814040805, "sd_fraction": 0.11720318969978202}, {"name": "move-car-to-car", "mean_fraction": 1.0809389778790575, "sd_fraction": 0.13380365569731345}], "tils": []}