{"actions": [{"name": "move-curb-to-curb", "mean_fraction": 0.9122669173524116, "sd_fraction": 0.17149775039264026}], "tils": []}