{"actions": [{"name": "move-curb-to-curb", "mean_fraction": 0.9256836883581288, "sd_fraction": 0.1434900641815002}, {"name": "move-car-to-car", "mean_fraction": 1.151824533156557, "sd_fraction": 0.20091621744393082}, {"name": "move-car-to-curb", "mean_fraction": 1.0335029810643621, "sd_fraction": 0.09805125763543687}], "tils": []}