{"actions": [{"name": "move-curb-to-car", "mean_fraction": 1.2268432320906588, "sd_fraction": 0.2796356195596241}], "tils": []}