{"actions": [{"name": "move-curb-to-car", "mean_fraction": 1.2336173795415295, "sd_fraction": 0.15773897114211274}, {"name": "move-curb-to-curb", "mean_fraction": 0.8762466054977511, "sd_fraction": 0.2017521737320894}], "tils": []}