{"actions": [{"name": "move-curb-to-curb", "mean_fraction": 1.2070192108857913, "sd_fraction": 0.1401440913341109}, {"name": "move-curb-to-car", "mean_fraction": 1.1122505040451813, "sd_fraction": 0.16009771678840337}, {"name": "move-car-to-car", "mean_fraction": 1.439626165637704, "sd_fraction": 0.143393373813372}, {"name": "move-car-to-curb", "mean_fraction": 0.8765057485963305, "sd_fraction": 0.1422084936367563}], "tils": []}