{"actions": [{"name": "move-curb-to-car", "mean_fraction": 1.2261944684582977, "sd_fraction": 0.1934005346000482}, {"name": "move-curb-to-curb", "mean_fraction": 0.9889703516260667, "sd_fraction": 0.19331762456723625}, {"name": "move-car-to-car", "mean_fraction": 1.1347768848916209, "sd_fraction": 0.24303504596910597}], "tils": []}