{"actions": [{"name": "move-curb-to-car", "mean_fraction": 0.7790453091296581, "sd_fraction": 0.10969582688888595}, {"name": "move-car-to-curb", "mean_fraction": 1.038558849302891, "sd_fraction": 0.17292284625281715}, {"name": "move-curb-to-curb", "mean_fraction": 1.4763153407721392, "sd_fraction": 0.29116478294442283}], "tils": []}