{"actions": [{"name": "move-car-to-curb", "mean_fraction": 1.1345716927556264, "sd_fraction": 0.18097379374282938}, {"name": "move-curb-to-curb", "mean_fraction": 0.7687338029968567, "sd_fraction": 0.18102199214151393}], "tils": []}