{"actions": [{"name": "move-car-to-curb", "mean_fraction": 1.0325332677816674, "sd_fraction": 0.14227052164901696}, {"name": "move-car-to-car", "mean_fraction": 1.0382899545018538, "sd_fraction": 0.1814172160741755}, {"name": "move-curb-to-car", "mean_fraction": 0.9981176339759825, "sd_fraction": 0.15979909218265362}], "tils": []}