{"actions": [{"name": "move-curb-to-curb", "mean_fraction": 1.0518966026236158, "sd_fraction": 0.1316063285616461}, {"name": "move-car-to-curb", "mean_fraction": 1.032075402813045, "sd_fraction": 0.12261450321664774}, {"name": "move-car-to-car", "mean_fraction": 1.0271839402134146, "sd_fraction": 0.12501446187130225}, {"name": "move-curb-to-car", "mean_fraction": 1.0454093865417744, "sd_fraction": 0.19011489163434347}], "tils": []}