{"actions": [{"name": "move-curb-to-curb", "mean_fraction": 0.6718218421466551, "sd_fraction": 0.10161361397382873}, {"name": "move-car-to-car", "mean_fraction": 1.4608274298518977, "sd_fraction": 0.1647367026047683}, {"name": "move-car-to-curb", "mean_fraction": 1.160270796173127, "sd_fraction": 0.24649008051789847}, {"name": "move-curb-to-car", "mean_fraction": 0.6445228471409119, "sd_fraction": 0.1411465673022945}], "tils": []}