{"actions": [{"name": "move-curb-to-car", "mean_fraction": 0.8550960276509908, "sd_fraction": 0.1273511646504039}, {"name": "move-car-to-car", "mean_fraction": 0.9333555979872933, "sd_fraction": 0.1839282162065736}], "tils": []}