{"actions": [{"name": "move-curb-to-car", "mean_fraction": 1.165412440487525, "sd_fraction": 0.14953543566322236}], "tils": []}