{"actions": [{"name": "move-curb-to-curb", "mean_fraction": 1.133568252154467, "sd_fraction": 0.16014528407643636}, {"name": "move-car-to-car", "mean_fraction": 1.117951802069993, "sd_fraction": 0.12456604511762734}], "tils": []}