{"actions": [{"name": "move-car-to-curb", "mean_fraction": 0.7193875958311002, "sd_fraction": 0.19747443595018585}, {"name": "move-curb-to-curb", "mean_fraction": 0.86585256963951, "sd_fraction": 0.15475089979479653}, {"name": "move-car-to-car", "mean_fraction": 0.9184459936074302, "sd_fraction": 0.13501339436453036}], "tils": []}